sampleId	scClonotypeKey	uniqueCellCount	uniqueCellFraction
VAALEKIPX7T6EOS6H62G6O3Q	0	1	0.3333333333333333
VAALEKIPX7T6EOS6H62G6O3Q	1	1	0.3333333333333333
VAALEKIPX7T6EOS6H62G6O3Q	2	1	0.3333333333333333
UDG6VORA3Q5GP7TNBV4CQQP6	3	1	1.0
